gazon,fldxt,chivw,bumpy,jerks
gconv,fultz,expwy,dhikr,jambs
grosz,fldxt,benjy,avick,whump
gunks,fjeld,bortz,ampyx,chivw
jacks,grovy,fldxt,bizen,whump
jacks,grovy,fldxt,zineb,whump
japyx,flegm,dunks,bortz,chivw
japyx,gconv,fritz,dumbs,whelk
japyx,hdqrs,flick,bowge,muntz
japyx,hdqrs,flock,bewig,muntz
jarvy,gowks,fldxt,bizen,chump
jarvy,gowks,fldxt,zineb,chump
jazey,gconv,fldxt,birks,whump
jazey,gconv,fldxt,brisk,whump
jazey,grump,fldxt,chivw,bonks
jazey,grump,fldxt,chivw,knobs
jerky,gazon,fldxt,chivw,bumps
jerky,gconv,fldxt,bumph,swazi
jerky,zogan,fldxt,chivw,bumps
jimpy,gconv,fldxt,bawke,qursh
jimpy,hawks,gconv,fldxt,burez
jimpy,hdqrs,gconv,fultz,bawke
judex,gryph,fconv,blitz,mawks
jumba,hdqrs,flock,expwy,vingt
jumby,grosz,flank,expdt,chivw
jumby,hdqrs,gconv,exptl,kafiz
jumps,fldxt,chawk,brevi,zygon
jumps,fldxt,chivw,baker,zygon
jumps,fldxt,chivw,brake,zygon
jumps,fldxt,chivw,break,zygon
jumps,fldxt,chivw,kebar,zygon
jumps,fldxt,whack,brevi,zygon
jumps,gawky,fldxt,bench,vizor
jumps,gravy,fldxt,bizen,chowk
jumps,gravy,fldxt,zineb,chowk
jumps,grovy,chawk,bizen,fldxt
jumps,grovy,chawk,zineb,fldxt
jumps,grovy,whack,bizen,fldxt
jumps,grovy,whack,zineb,fldxt
jumpy,fldxt,chivw,bongs,karez
jumpy,gawks,fldxt,bench,vizor
jumpy,gazer,fldxt,chivw,bonks
jumpy,gazer,fldxt,chivw,knobs
jumpy,gazes,fldxt,chivw,bronk
jumpy,ginzo,fldxt,chawk,verbs
jumpy,ginzo,fldxt,whack,verbs
jumpy,graze,fldxt,chivw,bonks
jumpy,graze,fldxt,chivw,knobs
jumpy,grosz,fldxt,chivw,baken
junky,grosz,expdt,chivw,flamb
kemps,fldxt,chivw,bruja,zygon
kerbs,jizya,gconv,fldxt,whump
kerbs,jumpy,gazon,fldxt,chivw
kerbs,jumpy,zogan,fldxt,chivw
klong,jambs,furzy,expdt,chivw
klutz,hdqrs,expwy,bigam,fconv
klutz,hdqrs,fconv,ampyx,bewig
klutz,hdqrs,fconv,bejig,ampyx
klutz,japyx,fremd,bongs,chivw
klutz,japyx,hdqrs,fconv,bewig
knape,jumby,grosz,fldxt,chivw
knops,jumby,gazer,fldxt,chivw
knops,jumby,graze,fldxt,chivw
knosp,jumby,gazer,fldxt,chivw
knosp,jumby,graze,fldxt,chivw
knyaz,jorge,fldxt,chivw,bumps
knyaz,jumps,gerbo,fldxt,chivw
knyaz,jumps,grebo,fldxt,chivw
krebs,jizya,gconv,fldxt,whump
krebs,jumpy,gazon,fldxt,chivw
krebs,jumpy,zogan,fldxt,chivw
mujik,hdqrs,fconv,exptl,gawby
pawky,hdqrs,gconv,fultz,bemix
pbxes,glaky,fjord,chivw,muntz
pbxes,mangy,klutz,fjord,chivw
pbxes,mordv,jacky,fultz,whing
pekan,jumby,grosz,fldxt,chivw
perks,jumba,fldxt,chivw,zygon
perks,jumby,gazon,fldxt,chivw
perks,jumby,zogan,fldxt,chivw
prize,jumby,gconv,fldxt,hawks
pumex,hdqrs,fconv,blitz,gawky
punky,jambe,grosz,fldxt,chivw
quawk,grosz,fldxt,chimp,benjy
quawk,jimpy,gconv,fldxt,herbs
quawk,jimpy,grosz,bench,fldxt
quick,jambs,gryph,fldxt,woven
quick,njave,gryph,fldxt,wombs
sabzi,jerky,gconv,fldxt,whump
saqib,jerky,gconv,fldxt,whump
shrew,jimpy,gconv,fldxt,uzbak
skemp,fldxt,chivw,bruja,zygon
spong,jumby,fldxt,chivw,karez
sprug,jakob,fldxt,enzym,chivw
squib,jerky,gconv,fldxt,whamp
squiz,gramp,fldxt,benjy,chowk
supvr,gizmo,fldxt,chawk,benjy
supvr,gizmo,fldxt,whack,benjy
supvr,knyaz,fldxt,bejig,mowch
swick,javer,fldxt,bumph,zygon
twang,jumpy,hdqrs,flock,vibex
uzbak,mirvs,fldxt,cheng,jowpy
uzbeg,japyx,hdqrs,flowk,imcnt
uzbeg,knows,fldxt,chimp,jarvy
uzbeg,mirvs,fldxt,chank,jowpy
uzbeg,pinks,mowch,fldxt,jarvy
uzbeg,skimp,nowch,fldxt,jarvy
uzbeg,snowk,fldxt,chimp,jarvy
uzbeg,spink,mowch,fldxt,jarvy
uzbeg,swink,jarvy,fldxt,chomp
uzbeg,swonk,fldxt,chimp,jarvy
uzbeg,winks,jarvy,fldxt,chomp
uzbek,gowns,fldxt,chimp,jarvy
uzbek,jarvy,fldxt,comps,whing
uzbek,mirvs,jowpy,fldxt,chang
uzbek,mirvs,jowpy,fldxt,ganch
uzbek,nowch,jarvy,fldxt,gimps
uzbek,pings,mowch,fldxt,jarvy
uzbek,qophs,fldxt,crawm,vying
uzbek,schav,jimpy,fldxt,grown
uzbek,schav,jimpy,fldxt,wrong
uzbek,swing,jarvy,fldxt,chomp
uzbek,wings,jarvy,fldxt,chomp
vangs,jimpy,fldxt,burez,chowk
vangs,klutz,expwy,chimb,fjord
vangs,prize,jumby,fldxt,chowk
vangs,uzbek,fldxt,chirm,jowpy
vejoz,fldxt,campy,brusk,whing
vejoz,fldxt,cangy,birks,whump
vejoz,fldxt,cangy,brisk,whump
vejoz,fldxt,carks,bingy,whump
vejoz,fldxt,carks,bumpy,whing
vejoz,fldxt,casky,bumph,wring
vejoz,fldxt,champ,busky,wring
vejoz,fldxt,chawk,brims,pungy
vejoz,fldxt,chawk,bumps,girny
vejoz,fldxt,chawk,bumps,ringy
vejoz,fldxt,chawk,bumpy,girns
vejoz,fldxt,chawk,bumpy,grins
vejoz,fldxt,chawk,bumpy,rings
vejoz,fldxt,chawk,bungs,primy
vejoz,fldxt,chimp,braws,gunky
vejoz,fldxt,chimp,braws,kyung
vejoz,fldxt,chimp,bungs,rawky
vejoz,fldxt,chimp,burgs,wanky
vejoz,fldxt,chimp,busky,wrang
vejoz,fldxt,chimp,grubs,wanky
vejoz,fldxt,chump,brigs,wanky
vejoz,fldxt,chyak,bumps,wring
vejoz,fldxt,crank,bumpy,whigs
vejoz,fldxt,crimp,busky,whang
vejoz,fldxt,crump,banky,whigs
vejoz,fldxt,crump,bhang,skiwy
vejoz,fldxt,crump,bingy,hawks
vejoz,fldxt,hacky,bumps,wring
vejoz,fldxt,racks,bingy,whump
vejoz,fldxt,racks,bumpy,whing
vejoz,fldxt,whack,brims,pungy
vejoz,fldxt,whack,bumps,girny
vejoz,fldxt,whack,bumps,ringy
vejoz,fldxt,whack,bumpy,girns
vejoz,fldxt,whack,bumpy,grins
vejoz,fldxt,whack,bumpy,rings
vejoz,fldxt,whack,bungs,primy
vejoz,fldxt,yacks,bumph,wring
vejoz,gawks,fldxt,birny,chump
vejoz,gawks,fldxt,briny,chump
vejoz,gawks,fldxt,bumpy,rinch
vejoz,gawks,fldxt,bunch,primy
vejoz,gawks,fldxt,chimp,burny
vejoz,gawks,fldxt,chimp,runby
vejoz,gawky,fldxt,brins,chump
vejoz,gawky,fldxt,chimb,snurp
vejoz,gawky,fldxt,chimb,spurn
vejoz,gawky,fldxt,chimp,burns
vejoz,gawsy,fldxt,chump,brink
vejoz,gawsy,fldxt,crink,bumph
vejoz,gimps,fldxt,chawk,burny
vejoz,gimps,fldxt,chawk,runby
vejoz,gimps,fldxt,whack,burny
vejoz,gimps,fldxt,whack,runby
vejoz,gimpy,chunk,braws,fldxt
vejoz,gimpy,fldxt,brusk,chawn
vejoz,gimpy,fldxt,chawk,burns
vejoz,gimpy,fldxt,whack,burns
vejoz,girns,fldxt,backy,whump
vejoz,girns,fldxt,bucky,whamp
vejoz,girns,fldxt,cawky,bumph
vejoz,girns,fldxt,wacky,bumph
vejoz,glink,crwth,ampyx,fdubs
vejoz,gnash,fldxt,bumpy,wrick
vejoz,gnaws,fldxt,birky,chump
vejoz,gnaws,fldxt,bumpy,chirk
vejoz,gnaws,fldxt,kirby,chump
vejoz,gramp,fldxt,bucky,whins
vejoz,gramp,fldxt,busky,winch
vejoz,grimp,fldxt,busky,chawn
vejoz,grimp,fldxt,chubs,wanky
vejoz,grimp,fldxt,subch,wanky
vejoz,grins,fldxt,backy,whump
vejoz,grins,fldxt,bucky,whamp
vejoz,grins,fldxt,cawky,bumph
vejoz,grins,fldxt,wacky,bumph
vejoz,griph,fldxt,cawky,numbs
vejoz,griph,fldxt,wacky,numbs
vejoz,gripy,fldxt,bunch,mawks
vejoz,gripy,fldxt,chawk,numbs
vejoz,gripy,fldxt,whack,numbs
vejoz,grump,fldxt,backs,whiny
vejoz,grump,fldxt,backy,whins
vejoz,grump,fldxt,bichy,swank
vejoz,gumby,fldxt,chirk,pawns
vejoz,gumby,fldxt,chirk,spawn
vejoz,gumby,fldxt,crank,whips
vejoz,gumby,fldxt,crank,whisp
vejoz,gyric,fldxt,banks,whump
vejoz,gyric,fldxt,bumph,swank
vejoz,hacks,fldxt,bumpy,wring
vejoz,hangs,fldxt,bumpy,wrick
vejoz,hawks,fldxt,bungy,crimp
vejoz,hawky,fldxt,bungs,crimp
vejoz,hdqrs,flang,bumpy,twick
vejoz,hdqrs,flick,bumpy,twang
vejoz,hdqrs,flump,bangy,twick
vejoz,hicks,fldxt,bumpy,wrang
vejoz,hicks,fldxt,bungy,wramp
vejoz,hicky,fldxt,bungs,wramp
vejoz,hucks,fldxt,bingy,wramp
vejoz,hucks,gimpy,fldxt,brawn
vejoz,hucks,pigmy,fldxt,brawn
vejoz,humps,fldxt,backy,wring
vejoz,humps,fldxt,cawky,bring
vejoz,humps,fldxt,crink,gawby
vejoz,humps,fldxt,wacky,bring
vejoz,humpy,fldxt,backs,wring
vejoz,humpy,gnaws,fldxt,brick
vejoz,humpy,swang,fldxt,brick
vejoz,hunks,fldxt,crimp,gawby
vejoz,kirns,fldxt,chump,gawby
vejoz,kling,crwth,ampyx,fdubs
vejoz,knish,fldxt,crump,gawby
vejoz,knurs,fldxt,chimp,gawby
vejoz,kyang,fldxt,cribs,whump
vejoz,lampf,hdqrs,bungy,twick
vejoz,mawks,fldxt,bungy,chirp
vejoz,mawks,fldxt,bungy,prich
vejoz,mawky,fldxt,birch,pungs
vejoz,mawky,fldxt,birch,spung
vejoz,mawky,fldxt,bunch,grips
vejoz,mawky,fldxt,bunch,prigs
vejoz,mawky,fldxt,bunch,sprig
vejoz,mawky,fldxt,bungs,chirp
vejoz,mawky,fldxt,bungs,prich
vejoz,mawky,fldxt,burps,ching
vejoz,mckay,fldxt,burps,whing
vejoz,micky,fldxt,burps,whang
vejoz,mingy,chawk,burps,fldxt
vejoz,mingy,whack,burps,fldxt
vejoz,nicks,murph,fldxt,gawby
vejoz,nicky,fldxt,brags,whump
vejoz,nicky,fldxt,burgs,whamp
vejoz,nicky,fldxt,garbs,whump
vejoz,nicky,fldxt,grabs,whump
vejoz,nicky,fldxt,grubs,whamp
vejoz,nighs,fldxt,bucky,wramp
vejoz,numbs,gawky,fldxt,chirp
vejoz,numbs,gawky,fldxt,prich
vejoz,numps,fldxt,birch,gawky
vejoz,numps,fldxt,chirk,gawby
vejoz,nymph,fldxt,braws,gucki
vejoz,nymph,fldxt,brigs,quack
vejoz,nymph,gawks,fldxt,urbic
vejoz,packs,fldxt,bryum,whing
vejoz,pamhy,fldxt,bucks,wring
vejoz,parks,gumby,fldxt,winch
vejoz,pashm,fldxt,bucky,wring
vejoz,pashm,fldxt,bungy,wrick
vejoz,pawky,chirm,bungs,fldxt
vejoz,pawky,chung,brims,fldxt
vejoz,pawky,fldxt,brigs,munch
vejoz,pawky,fldxt,chimb,rungs
vejoz,pawky,fldxt,chums,bring
vejoz,pawky,nighs,fldxt,crumb
vejoz,pawky,singh,fldxt,crumb
vejoz,pawns,fldxt,brugh,micky
vejoz,pawns,fldxt,burgh,micky
vejoz,pfund,kylix,crwth,gambs
vejoz,phasm,fldxt,bucky,wring
vejoz,phasm,fldxt,bungy,wrick
vejoz,phyma,fldxt,bucks,wring
vejoz,picks,fldxt,bryum,whang
vejoz,picky,gnaws,fldxt,rhumb
vejoz,picky,swang,fldxt,rhumb
vejoz,pigmy,chunk,braws,fldxt
vejoz,pigmy,fldxt,brusk,chawn
vejoz,pigmy,fldxt,chawk,burns
vejoz,pigmy,fldxt,whack,burns
vejoz,pinch,fldxt,burgs,mawky
vejoz,pinch,fldxt,grubs,mawky
vejoz,pinch,gawks,fldxt,bryum
vejoz,pinch,murks,fldxt,gawby
vejoz,pings,fldxt,cawky,rhumb
vejoz,pings,fldxt,chawk,bryum
vejoz,pings,fldxt,wacky,rhumb
vejoz,pings,fldxt,whack,bryum
vejoz,pings,hawky,fldxt,crumb
vejoz,pinks,fldxt,churm,gawby
vejoz,pirns,gumby,chawk,fldxt
vejoz,pirns,gumby,whack,fldxt
vejoz,pisky,fldxt,crumb,whang
vejoz,prang,fldxt,bucky,whims
vejoz,prawn,hicks,gumby,fldxt
vejoz,prawn,shick,gumby,fldxt
vejoz,prick,fldxt,bungy,shawm
vejoz,prick,fldxt,bungy,whams
vejoz,prims,chawk,bungy,fldxt
vejoz,prims,fldxt,bucky,whang
vejoz,prims,fldxt,bunch,gawky
vejoz,prims,fldxt,chunk,gawby
vejoz,prims,whack,bungy,fldxt
vejoz,primy,fldxt,bucks,whang
vejoz,prink,fldxt,chums,gawby
vejoz,prink,gumby,chaws,fldxt
vejoz,prink,gumby,chwas,fldxt
vejoz,prink,gumby,schwa,fldxt
vejoz,prism,chawk,bungy,fldxt
vejoz,prism,fldxt,bucky,whang
vejoz,prism,fldxt,bunch,gawky
vejoz,prism,fldxt,chunk,gawby
vejoz,prism,whack,bungy,fldxt
vejoz,pshaw,gumby,crink,fldxt
vejoz,pshaw,mucky,fldxt,bring
vejoz,pshaw,mungy,fldxt,brick
vejoz,psych,kumbi,fldxt,wrang
vejoz,pucks,fldxt,ambry,whing
vejoz,pucks,fldxt,barmy,whing
vejoz,punch,fldxt,brims,gawky
vejoz,punch,mawky,fldxt,brigs
vejoz,punch,mirks,fldxt,gawby
vejoz,punch,smirk,fldxt,gawby
vejoz,pungy,fldxt,birch,mawks
vejoz,punks,fldxt,chirm,gawby
vejoz,quags,nymph,fldxt,brick
vejoz,quags,nymph,fldxt,wrick
vejoz,quawk,nymph,cribs,fldxt
vejoz,quawk,nymph,fldxt,brigs
vejoz,quawk,psych,fldxt,bring
vejoz,quick,nymph,braws,fldxt
vejoz,quick,nymph,fldxt,brags
vejoz,quick,nymph,fldxt,garbs
vejoz,quick,nymph,fldxt,grabs
vejoz,rawky,fldxt,bumps,ching
vejoz,rawky,fldxt,bunch,gimps
vejoz,rawky,fldxt,chimb,pungs
vejoz,rawky,fldxt,chimb,spung
vejoz,ricks,fldxt,bangy,whump
vejoz,ricks,fldxt,bumpy,whang
vejoz,ricks,fldxt,bungy,whamp
vejoz,ricky,fldxt,bangs,whump
vejoz,ricky,fldxt,bumph,gnaws
vejoz,ricky,fldxt,bumph,swang
vejoz,ricky,fldxt,bumps,whang
vejoz,ricky,fldxt,bungs,whamp
vejoz,rinch,gawky,fldxt,bumps
vejoz,rings,fldxt,backy,whump
vejoz,rings,fldxt,bucky,whamp
vejoz,rings,fldxt,cawky,bumph
vejoz,rings,fldxt,wacky,bumph
vejoz,rinks,fldxt,chump,gawby
vejoz,rucks,fldxt,bingy,whamp
vejoz,rugby,fldxt,champ,swink
vejoz,rugby,fldxt,champ,winks
vejoz,rugby,fldxt,chimp,swank
vejoz,rugby,pinch,fldxt,mawks
vejoz,rumps,chawk,bingy,fldxt
vejoz,rumps,fldxt,backy,whing
vejoz,rumps,fldxt,chink,gawby
vejoz,rumps,fldxt,kinch,gawby
vejoz,rumps,whack,bingy,fldxt
vejoz,sangh,fldxt,bumpy,wrick
vejoz,scrin,gawky,fldxt,bumph
vejoz,shack,fldxt,bumpy,wring
vejoz,shang,fldxt,bumpy,wrick
vejoz,shawm,fldxt,brick,pungy
vejoz,shawn,grimp,bucky,fldxt
vejoz,shawn,prick,gumby,fldxt
vejoz,shick,fldxt,bumpy,wrang
vejoz,shick,fldxt,bungy,wramp
vejoz,shuck,fldxt,bingy,wramp
vejoz,shuck,gimpy,fldxt,brawn
vejoz,shuck,pigmy,fldxt,brawn
vejoz,singh,fldxt,bucky,wramp
vejoz,skimp,fldxt,brugh,cawny
vejoz,skimp,fldxt,burgh,cawny
vejoz,skimp,fldxt,churn,gawby
vejoz,skimp,fldxt,curby,whang
vejoz,skimp,fldxt,runch,gawby
vejoz,skimp,rugby,fldxt,chawn
vejoz,skirp,gumby,fldxt,chawn
vejoz,skirp,munch,fldxt,gawby
vejoz,skiwy,fldxt,bunch,gramp
vejoz,skiwy,fldxt,crang,bumph
vejoz,snick,murph,fldxt,gawby
vejoz,spack,fldxt,bryum,whing
vejoz,spark,gumby,fldxt,winch
vejoz,spawn,fldxt,brugh,micky
vejoz,spawn,fldxt,burgh,micky
vejoz,spick,fldxt,bryum,whang
vejoz,spiky,fldxt,crumb,whang
vejoz,spink,fldxt,churm,gawby
vejoz,sprug,fldxt,chimb,wanky
vejoz,spumy,fldxt,chawk,bring
vejoz,spumy,fldxt,whack,bring
vejoz,spunk,fldxt,chirm,gawby
vejoz,squab,nymph,fldxt,wrick
vejoz,squaw,nymph,fldxt,brick
vejoz,sumph,fldxt,backy,wring
vejoz,sumph,fldxt,cawky,bring
vejoz,sumph,fldxt,crink,gawby
vejoz,sumph,fldxt,wacky,bring
vejoz,swack,fldxt,bingy,murph
vejoz,swack,fldxt,bumph,girny
vejoz,swack,fldxt,bumph,ringy
vejoz,swack,gryph,fldxt,minbu
vejoz,swack,humpy,fldxt,bring
vejoz,swamp,chung,birky,fldxt
vejoz,swamp,chung,kirby,fldxt
vejoz,swamp,fldxt,birch,gunky
vejoz,swamp,fldxt,birch,kyung
vejoz,swamp,fldxt,bungy,chirk
vejoz,swamp,nicky,fldxt,brugh
vejoz,swamp,nicky,fldxt,burgh
vejoz,swamp,rugby,fldxt,chink
vejoz,swamp,rugby,fldxt,kinch
vejoz,swang,fldxt,birky,chump
vejoz,swang,fldxt,bumpy,chirk
vejoz,swang,fldxt,kirby,chump
vejoz,swank,gumby,fldxt,chirp
vejoz,swank,gumby,fldxt,prich
vejoz,swick,fldxt,angry,bumph
vejoz,swick,fldxt,bhang,rumpy
vejoz,swick,fldxt,brahm,pungy
vejoz,swick,fldxt,rangy,bumph
vejoz,swick,gryph,fldxt,manqu
vejoz,swick,murph,fldxt,bangy
vejoz,swick,nymph,burga,fldxt
vejoz,swick,pharm,bungy,fldxt
vejoz,swick,prahm,bungy,fldxt
vejoz,swing,chark,bumpy,fldxt
vejoz,swing,fldxt,barky,chump
vejoz,swing,fldxt,braky,chump
vejoz,swing,humpy,fldxt,brack
vejoz,swing,karch,bumpy,fldxt
vejoz,swing,murph,fldxt,backy
vejoz,swing,pharm,bucky,fldxt
vejoz,swing,prahm,bucky,fldxt
vejoz,swink,fldxt,brugh,campy
vejoz,swink,fldxt,bumph,gracy
vejoz,swink,fldxt,burgh,campy
vejoz,swink,gumby,fldxt,parch
vejoz,swung,fldxt,birky,champ
vejoz,swung,fldxt,brahm,picky
vejoz,swung,fldxt,chimb,parky
vejoz,swung,fldxt,chimp,barky
vejoz,swung,fldxt,chimp,braky
vejoz,swung,fldxt,kirby,champ
vejoz,swung,pamhy,fldxt,brick
vejoz,swung,phyma,fldxt,brick
vejoz,swung,yamph,fldxt,brick
vejoz,synch,quawk,grimp,fldxt
vejoz,twang,hdqrs,bucky,flimp
vejoz,twick,hdqrs,ampyx,flung
vejoz,twick,hdqrs,fangy,plumb
vejoz,twick,pungy,hdqrs,flamb
vejoz,wacks,fldxt,bingy,murph
vejoz,wacks,fldxt,bumph,girny
vejoz,wacks,fldxt,bumph,ringy
vejoz,wacks,gryph,fldxt,minbu
vejoz,wacks,humpy,fldxt,bring
vejoz,whams,fldxt,brick,pungy
vejoz,whaps,gumby,crink,fldxt
vejoz,whaps,mucky,fldxt,bring
vejoz,whaps,mungy,fldxt,brick
vejoz,wicks,fldxt,angry,bumph
vejoz,wicks,fldxt,bhang,rumpy
vejoz,wicks,fldxt,brahm,pungy
vejoz,wicks,fldxt,rangy,bumph
vejoz,wicks,gryph,fldxt,manqu
vejoz,wicks,murph,fldxt,bangy
vejoz,wicks,nymph,burga,fldxt
vejoz,wicks,pharm,bungy,fldxt
vejoz,wicks,prahm,bungy,fldxt
vejoz,wings,chark,bumpy,fldxt
vejoz,wings,fldxt,barky,chump
vejoz,wings,fldxt,braky,chump
vejoz,wings,humpy,fldxt,brack
vejoz,wings,karch,bumpy,fldxt
vejoz,wings,murph,fldxt,backy
vejoz,wings,pharm,bucky,fldxt
vejoz,wings,prahm,bucky,fldxt
vejoz,winks,fldxt,brugh,campy
vejoz,winks,fldxt,bumph,gracy
vejoz,winks,fldxt,burgh,campy
vejoz,winks,gumby,fldxt,parch
vejoz,yamph,fldxt,bucks,wring
verbs,jacky,ginzo,fldxt,whump
verbs,quawk,fldxt,chimp,zygon
verby,jacks,ginzo,fldxt,whump
verby,jumps,fldxt,chawk,ginzo
verby,jumps,fldxt,whack,ginzo
vibex,hdqrs,gunky,fcomp,waltz
vibex,hdqrs,kyung,fcomp,waltz
vibex,junky,hdqrs,fcomp,waltz
vibex,muntz,glyph,dwarf,jocks
vibex,muntz,hdqrs,flack,jowpy
vibex,muntz,hdqrs,glack,jowpy
vibex,nymph,gucks,fjord,waltz
vibex,swack,glyph,fjord,muntz
vibex,wacks,glyph,fjord,muntz
vinew,grosz,fldxt,bumph,jacky
vingt,hdqrs,flack,expwy,jumbo
vixen,klutz,hdqrs,fcomp,gawby
vizor,gawks,fldxt,chump,benjy
vizor,jumps,fldxt,becky,whang
vizor,jumpy,fldxt,becks,whang
vizor,kench,jumps,fldxt,gawby
vizor,pecks,jumby,fldxt,whang
vizor,speck,jumby,fldxt,whang
voraz,jumps,fldxt,becky,whing
voraz,pecks,jumby,fldxt,whing
voraz,speck,jumby,fldxt,whing
vrows,jimpy,fldxt,cheng,uzbak
vrows,knyaz,fldxt,bejig,chump
vrows,nymph,fldxt,bejig,quack
vrows,uzbeg,jimpy,fldxt,chank
vrows,uzbek,jimpy,fldxt,chang
vrows,uzbek,jimpy,fldxt,ganch
vughs,mizen,jowpy,fldxt,brack
vughs,nazim,fldxt,breck,jowpy
vughs,nizam,fldxt,breck,jowpy
vughs,zemni,jowpy,fldxt,brack
vying,jumps,fldxt,chowk,braze
vying,jumps,fldxt,chowk,zebra
wakif,jumby,gconv,exptl,hdqrs
wanze,jimpy,fldxt,brock,vughs
wanze,vicky,jumps,borgh,fldxt
wanze,vicky,jumps,brogh,fldxt
wanze,vicky,jumps,ghbor,fldxt
warch,vejoz,fldxt,bumpy,ginks
warch,vejoz,fldxt,bumpy,kings
warch,vejoz,gimpy,fldxt,bunks
warch,vejoz,gumby,fldxt,pinks
warch,vejoz,gumby,fldxt,spink
warch,vejoz,pigmy,fldxt,bunks
warch,vejoz,skimp,bungy,fldxt
warks,vejoz,fldxt,bingy,chump
warks,vejoz,fldxt,bumph,gynic
warks,vejoz,fldxt,bumpy,ching
warks,vejoz,fldxt,bungy,chimp
warks,vejoz,fldxt,chimb,pungy
warks,vejoz,gimpy,bunch,fldxt
warks,vejoz,pigmy,bunch,fldxt
warks,vejoz,pinch,gumby,fldxt
warps,vejoz,fldxt,chimb,gunky
warps,vejoz,fldxt,chimb,kyung
warps,vejoz,gumby,fldxt,chink
warps,vejoz,gumby,fldxt,kinch
wersh,jimpy,gconv,fldxt,uzbak
whamp,jerky,gconv,fldxt,squiz
whamp,quick,grosz,fldxt,benjy
whamp,vejoz,fldxt,birny,gucks
whamp,vejoz,fldxt,briny,gucks
whamp,vejoz,fldxt,brusk,gynic
whamp,vejoz,fldxt,bucks,girny
whamp,vejoz,fldxt,bucks,ringy
whamp,vejoz,fldxt,cribs,gunky
whamp,vejoz,fldxt,cribs,kyung
whamp,vejoz,fldxt,curby,ginks
whamp,vejoz,fldxt,curby,kings
whamp,vejoz,gyric,fldxt,bunks
whamp,vejoz,rugby,fldxt,nicks
whamp,vejoz,rugby,fldxt,snick
whamp,vejoz,yucks,fldxt,bring
whamp,verbs,quick,fldxt,zygon
whamp,vizor,gucks,fldxt,benjy
whamp,vying,fldxt,burez,jocks
whang,vejoz,fldxt,brick,spumy
whank,vejoz,fldxt,curby,gimps
whank,vejoz,gimpy,fldxt,curbs
whank,vejoz,gimpy,fldxt,scrub
whank,vejoz,gipsy,fldxt,crumb
whank,vejoz,gumby,fldxt,crips
whank,vejoz,gumby,fldxt,crisp
whank,vejoz,gumby,fldxt,scrip
whank,vejoz,gyric,fldxt,bumps
whank,vejoz,pigmy,fldxt,curbs
whank,vejoz,pigmy,fldxt,scrub
wharp,vejoz,fldxt,bungs,micky
wharp,vejoz,gumby,fldxt,nicks
wharp,vejoz,gumby,fldxt,snick
wharp,vejoz,micks,bungy,fldxt
wharp,vejoz,mingy,fldxt,bucks
wharp,vejoz,mucks,bingy,fldxt
whick,grosz,fldxt,bumpy,njave
whick,javer,fldxt,bumps,zygon
whick,jumby,grosz,fldxt,paven
whick,jumps,fldxt,brave,zygon
whick,jumps,fldxt,breva,zygon
whick,jumps,gravy,fldxt,benzo
whick,jumps,gravy,fldxt,bonze
whick,jumps,grovy,fldxt,bezan
whick,supvr,jambe,fldxt,zygon
whick,vejoz,fldxt,ambry,pungs
whick,vejoz,fldxt,ambry,spung
whick,vejoz,fldxt,angry,bumps
whick,vejoz,fldxt,bangs,rumpy
whick,vejoz,fldxt,barms,pungy
whick,vejoz,fldxt,barmy,pungs
whick,vejoz,fldxt,barmy,spung
whick,vejoz,fldxt,bryum,pangs
whick,vejoz,fldxt,bryum,spang
whick,vejoz,fldxt,bungy,prams
whick,vejoz,fldxt,bungy,ramps
whick,vejoz,fldxt,bungy,sparm
whick,vejoz,fldxt,rangy,bumps
whick,vejoz,gamps,fldxt,burny
whick,vejoz,gamps,fldxt,runby
whick,vejoz,gnars,bumpy,fldxt
whick,vejoz,grapy,fldxt,numbs
whick,vejoz,mangy,burps,fldxt
whick,vejoz,rumps,fldxt,bangy
whick,vejoz,sprug,namby,fldxt
whick,verbs,jumpy,fldxt,gazon
whick,verbs,jumpy,fldxt,zogan
whick,verby,jumps,fldxt,gazon
whick,verby,jumps,fldxt,zogan
whigs,japyx,freck,bovld,muntz
whilk,gconv,furzy,expdt,jambs
whims,vejoz,pungy,fldxt,brack
whing,mordv,japyx,fultz,becks
whing,vejoz,fldxt,backs,rumpy
whing,vejoz,fldxt,bucky,prams
whing,vejoz,fldxt,bucky,ramps
whing,vejoz,fldxt,bucky,sparm
whing,vejoz,fldxt,busky,cramp
whing,vejoz,spumy,fldxt,brack
whing,voraz,jumpy,fldxt,becks
whiny,vejoz,gramp,fldxt,bucks
whips,jumby,gconv,fldxt,karez
whips,vejoz,kyang,fldxt,crumb
whips,vejoz,mungy,fldxt,brack
whisk,jumpy,gconv,fldxt,braze
whisk,jumpy,gconv,fldxt,zebra
whisk,vejoz,crang,bumpy,fldxt
whisk,vejoz,fldxt,bungy,cramp
whisk,vejoz,fldxt,crump,bangy
whisp,jumby,gconv,fldxt,karez
whisp,vejoz,kyang,fldxt,crumb
whisp,vejoz,mungy,fldxt,brack
whomp,jacks,fldxt,burez,vying
whomp,jarvy,fldxt,bizen,gucks
whomp,jarvy,fldxt,zineb,gucks
whomp,uzbeg,fldxt,carvy,jinks
whomp,uzbeg,jarvy,fldxt,nicks
whomp,uzbeg,jarvy,fldxt,snick
whump,gravy,fldxt,bizen,jocks
whump,gravy,fldxt,zineb,jocks
whump,jacks,fldxt,brevi,zygon
whump,jarvy,ginzo,fldxt,becks
whump,rajiv,fldxt,becks,zygon
whump,vejoz,fldxt,backs,girny
whump,vejoz,fldxt,backs,ringy
whump,vejoz,fldxt,barks,gynic
whump,vejoz,fldxt,brick,gansy
whump,vejoz,fldxt,brick,yangs
whump,vejoz,fldxt,carby,ginks
whump,vejoz,fldxt,carby,kings
whump,vejoz,fldxt,casky,bring
whump,vejoz,fldxt,yacks,bring
whump,vicky,grosz,fldxt,bejan
whump,vying,jocks,fldxt,braze
whump,vying,jocks,fldxt,zebra
wicks,javer,fldxt,bumph,zygon
wicky,grosz,fldxt,bumph,njave
wicky,vejoz,fldxt,bangs,murph
wicky,vejoz,fldxt,brahm,pungs
wicky,vejoz,fldxt,brahm,spung
wicky,vejoz,gnars,fldxt,bumph
wicky,vejoz,graph,fldxt,numbs
wicky,vejoz,numps,fldxt,bargh
wicky,vejoz,pangs,fldxt,rhumb
wicky,vejoz,pharm,bungs,fldxt
wicky,vejoz,prahm,bungs,fldxt
wicky,vejoz,rumps,bhang,fldxt
wicky,vejoz,spang,fldxt,rhumb
windz,thruv,japyx,flegm,bocks
windz,vughs,japyx,block,fremt
wingy,vejoz,fldxt,backs,murph
wingy,vejoz,fldxt,barks,chump
wingy,vejoz,fldxt,brahm,pucks
wingy,vejoz,fldxt,brusk,champ
wingy,vejoz,fldxt,carks,bumph
wingy,vejoz,fldxt,chark,bumps
wingy,vejoz,fldxt,karch,bumps
wingy,vejoz,fldxt,racks,bumph
wingy,vejoz,humps,fldxt,brack
wingy,vejoz,kaphs,fldxt,crumb
wingy,vejoz,packs,fldxt,rhumb
wingy,vejoz,pharm,fldxt,bucks
wingy,vejoz,prahm,fldxt,bucks
wingy,vejoz,spack,fldxt,rhumb
wingy,vejoz,sumph,fldxt,brack
winze,gravy,fldxt,bumph,jocks
winze,jacks,grovy,fldxt,bumph
wiver,jacks,fldxt,bumph,zygon
wizen,gravy,fldxt,bumph,jocks
wizen,jacks,grovy,fldxt,bumph
wrack,jives,fldxt,bumph,zygon
wrack,jumby,given,fldxt,qophs
wrack,vejoz,humps,bingy,fldxt
wrack,vejoz,hying,fldxt,bumps
wrack,vejoz,nighs,bumpy,fldxt
wrack,vejoz,nymph,fldxt,gibus
wrack,vejoz,singh,bumpy,fldxt
wrack,vejoz,squib,nymph,fldxt
wrack,vejoz,sumph,bingy,fldxt
wrack,vughs,jimpy,fldxt,benzo
wrack,vughs,jimpy,fldxt,bonze
wramp,vejoz,fldxt,busky,ching
wramp,vejoz,gunks,fldxt,bichy
wramp,vejoz,hying,fldxt,bucks
wramp,vicky,uzbeg,fldxt,johns
wrang,vejoz,hicky,fldxt,bumps
wraps,vejoz,fldxt,chimb,gunky
wraps,vejoz,fldxt,chimb,kyung
wraps,vejoz,gumby,fldxt,chink
wraps,vejoz,gumby,fldxt,kinch
wreck,jumby,ginzo,fldxt,pshav
wreck,navig,jumby,fldxt,qophs
wreck,qophs,jumba,fldxt,vying
wrick,jahve,fldxt,bumps,zygon
wrick,jumps,fldxt,behav,zygon
wrick,njave,gumby,fldxt,qophs
wrick,oghuz,fldxt,benjy,vamps
wrick,qophs,jumby,fldxt,evang
wrick,qophs,jumby,fldxt,ganev
wrick,qophs,jumby,fldxt,vegan
wrick,vejoz,fldxt,bangs,humpy
wrick,vejoz,fldxt,bhang,spumy
wrick,vejoz,fldxt,bumph,gansy
wrick,vejoz,fldxt,bumph,yangs
wrick,vejoz,fldxt,bungs,pamhy
wrick,vejoz,fldxt,bungs,phyma
wrick,vejoz,fldxt,bungs,yamph
wrick,vejoz,humps,fldxt,bangy
wrick,vejoz,sumph,fldxt,bangy
wrive,jacks,fldxt,bumph,zygon
wrung,vicky,jambe,fldxt,qophs
wyver,jacks,ginzo,fldxt,bumph
zambo,junks,grype,fldxt,chivw
zambo,pungs,jerky,fldxt,chivw
zambo,pungy,fldxt,chivw,jerks
zambo,spung,jerky,fldxt,chivw
zarfs,klong,jumby,expdt,chivw
zarfs,whilk,jumby,gconv,expdt
zhmud,japyx,fconv,bilks,grewt
zhmud,japyx,flock,brews,vingt
zhmud,japyx,frows,bleck,vingt
zhmud,twick,pbxes,jarvy,flong
zhmud,verbs,twick,japyx,flong
zhmud,vingt,japyx,brock,flews
zhmud,vingt,japyx,brock,seqwl
zhmud,vingt,japyx,brows,fleck
zhmud,vingt,japyx,flows,breck
zhmud,vingt,japyx,fowls,breck
zhmud,vingt,japyx,freck,blows
zhmud,vingt,japyx,freck,bowls
zhmud,vingt,japyx,frock,seqwl
zhmud,vingt,japyx,frowl,becks
zhmud,vingt,japyx,wolfs,breck
zhmud,vingt,pbxes,frack,jowly
zhmud,vingt,pbxes,frowl,jacky
zigan,verbs,jumpy,fldxt,chowk
zigan,verby,jumps,fldxt,chowk
zigan,whump,verby,fldxt,jocks
zigan,wreck,jumby,fldxt,qophs
zigan,wyver,fldxt,bumph,jocks
zincy,javer,gowks,fldxt,bumph
zings,javer,fldxt,bucky,whomp
zings,javer,fldxt,bumpy,chowk
zings,jumpy,fldxt,brave,chowk
zings,jumpy,fldxt,breva,chowk
zings,jumpy,fldxt,chawk,bevor
zings,jumpy,fldxt,whack,bevor
zings,parve,jumby,fldxt,chowk
zings,paver,jumby,fldxt,chowk
zings,prove,jumby,chawk,fldxt
zings,prove,jumby,whack,fldxt
zings,verby,quawk,fldxt,chomp
zings,verpa,jumby,fldxt,chowk
zings,vocab,jerky,fldxt,whump
zings,vower,fldxt,bumph,jacky
zings,whomp,verby,fldxt,quack
zings,whump,jacky,fldxt,bevor
zings,whump,verby,fldxt,jacko
zings,wyver,fldxt,bumph,jacko
zings,wyver,jakob,fldxt,chump
zingy,javer,fldxt,bocks,whump
zingy,javer,fldxt,bumps,chowk
zingy,jumps,fldxt,brave,chowk
zingy,jumps,fldxt,breva,chowk
zingy,jumps,fldxt,chawk,bevor
zingy,jumps,fldxt,whack,bevor
zingy,supvr,jambe,fldxt,chowk
zingy,verbs,quawk,fldxt,chomp
zingy,vower,jacks,fldxt,bumph
zingy,warve,fldxt,bumph,jocks
zingy,waver,fldxt,bumph,jocks
zingy,whomp,javer,fldxt,bucks
zingy,whomp,verbs,fldxt,quack
zingy,whump,fldxt,brave,jocks
zingy,whump,fldxt,breva,jocks
zingy,whump,jacks,fldxt,bevor
zingy,whump,verbs,fldxt,jacko
zingy,whump,vocab,fldxt,jerks
zingy,wreck,jumba,fldxt,qophs
zingy,wreck,jumbo,fldxt,pshav
zogan,fldxt,chivw,bumpy,jerks
zygon,jambs,fldxt,chivw,puker
zygon,whump,jives,fldxt,brack
zymic,vughs,kopje,fldxt,brawn
